-- Clean up all existing data (except migrations)
delete from cm_comment_votes;
delete from cm_comments;
delete from cm_domain_pages;
delete from cm_domains;
delete from cm_domains_idps;
delete from cm_domains_users;
delete from cm_fed_identity_providers;
delete from cm_tokens;
delete from cm_user_sessions;
delete from cm_users;

-- Insert seed test data
insert into cm_fed_identity_providers (id, name, icon)
values  ('gitlab', 'GitLab', 'gitlab'),
        ('github', 'GitHub', 'github'),
        ('google', 'Google', 'google'),
        ('twitter', 'Twitter', 'twitter');

insert into cm_users (id, email, name, password_hash, system_account, is_superuser, confirmed, ts_confirmed, ts_created, user_created, signup_ip, signup_country, signup_host, banned, ts_banned, user_banned, remarks, federated_idp, federated_id, avatar, website_url)
values  ('00000000-0000-0000-0000-000000000000', '', 'Anonymous', '', true, false, false, null, '2023-06-23 17:21:53.002826', null, '', '', '', false, null, null, '', null, '', null, ''),
        ('00000000-0000-0000-0000-000000000001', 'root@comentario.app', 'Root', '$2a$10$NRp62h1E765Rh.VqMfvz2OS9EG92v/BReep4NJbVa7PEKYTWAAJPu', false, true, true, '2023-06-23 17:21:53.002826', '2023-06-23 17:21:53.002826', null, '12.13.14.15', 'kz', '', false, null, null, '', null, '', null, 'https://comentario.app/'),
        ('5787eece-7aa3-44d7-bbba-51866edc4867', 'ace@comentario.app', 'Captain Ace', '$2a$10$NRp62h1E765Rh.VqMfvz2OS9EG92v/BReep4NJbVa7PEKYTWAAJPu', false, false, true, '2023-01-17 17:55:47.008851', '2023-01-17 17:55:47.008851', null, '', '', '', false, null, null, 'Migrated from Commento, ownerhex=0000000000000000000000000000000000000000000000000000000000000001', null, '', null, ''),
        ('2af9ecd2-a32a-4332-8717-396e9af28639', 'king@comentario.app', 'Engineer King', '$2a$10$NRp62h1E765Rh.VqMfvz2OS9EG92v/BReep4NJbVa7PEKYTWAAJPu', false, false, true, '2023-01-17 17:55:47.008851', '2023-01-17 17:55:47.008851', null, '', '', '', false, null, null, 'Migrated from Commento, ownerhex=0000000000000000000000000000000000000000000000000000000000000002', null, '', null, ''),
        ('98732142-bc83-48e0-be92-f6dbd6976702', 'queen@comentario.app', 'Cook Queen', '$2a$10$NRp62h1E765Rh.VqMfvz2OS9EG92v/BReep4NJbVa7PEKYTWAAJPu', false, false, true, '2023-01-17 17:55:47.008851', '2023-01-17 17:55:47.008851', null, '', '', '', false, null, null, 'Migrated from Commento, ownerhex=0000000000000000000000000000000000000000000000000000000000000003', null, '', null, ''),
        ('2d01d8dd-0bb1-4281-850e-e943b9f8128a', 'jack@comentario.app', 'Navigator Jack', '$2a$10$NRp62h1E765Rh.VqMfvz2OS9EG92v/BReep4NJbVa7PEKYTWAAJPu', false, false, true, '2023-01-17 17:55:47.008851', '2023-01-17 17:55:47.008851', null, '', '', '', false, null, null, 'Migrated from Commento, ownerhex=0000000000000000000000000000000000000000000000000000000000000004', null, '', null, ''),
        ('01d1cb57-d98c-46f6-b270-1198860f642f', 'one@blog.com', 'Commenter One', '$2a$10$3w4LEMCh1iKwJC2uMGCP0eb0BRULg77KmnZuvnlGBMs4ALDbJ5Syy', false, false, true, '2023-01-18 16:52:04.541982', '2023-01-18 16:52:04.541982', null, '', '', '', false, null, null, 'Migrated from Commento, commenterhex=0000000000000000000000000000000000000000000000000000000000001010', null, '', null, ''),
        ('61e2ccdb-4c2f-4b48-9527-fb8443e01a6f', 'two@blog.com', 'Commenter Two', '$2a$10$3w4LEMCh1iKwJC2uMGCP0eb0BRULg77KmnZuvnlGBMs4ALDbJ5Syy', false, false, true, '2023-01-18 16:52:04.541982', '2023-01-18 16:52:04.541982', null, '', '', '', false, null, null, 'Migrated from Commento, commenterhex=0000000000000000000000000000000000000000000000000000000000001011', null, '', null, 'https://wikipedia.org/');

insert into cm_domains (id, name, host, ts_created, is_readonly, auth_anonymous, auth_local, auth_sso, sso_url, sso_secret, mod_anonymous, mod_authenticated, mod_num_comments, mod_user_age_days, mod_links, mod_images, mod_notify_policy, default_sort, count_comments, count_views)
values  ('3bcdd9c0-5e9b-4724-9d87-8c520fb2b5c2', 'Test Domain',   'localhost:8000',     '2023-01-17 17:56:10.966890', false, true, true, false, '', null, false, false, 0, 0, false, false, 'pending', 'ta', 16, 5),
        ('b5cacc60-6d24-45ca-af03-c62e863587b5', 'Course Domain', 'course.example.com', '2023-01-01 17:56:10.966890', false, true, true, false, '', null, false, false, 0, 0, false, false, 'pending', 'ta', 0, 0),
        ('a15d2d4c-4353-44a2-a796-66ca2a3924ca', 'System Domain', 'system.example.com', '2023-01-02 17:56:10.966890', false, true, true, false, '', null, false, false, 0, 0, false, false, 'pending', 'ta', 0, 0),
        ('2489fefb-c278-491e-8597-1729079c2b6d', 'School Domain', 'school.example.com', '2023-01-03 17:56:10.966890', false, true, true, false, '', null, false, false, 0, 0, false, false, 'pending', 'ta', 0, 0),
        ('ae52ce11-6eb4-43ee-9fdf-5142a3df934f', 'Family Domain', 'family.example.com', '2023-01-04 17:56:10.966890', false, true, true, false, '', null, false, false, 0, 0, false, false, 'pending', 'ta', 0, 0),
        ('0272e06c-1568-46c6-b973-e2f1dd5bf3cc', 'Market Domain', 'market.example.com', '2023-01-05 17:56:10.966890', false, true, true, false, '', null, false, false, 0, 0, false, false, 'pending', 'ta', 0, 0),
        ('0aa47b8e-841f-45d5-95ba-3b0c56a702de', 'Police Domain', 'police.example.com', '2023-01-06 17:56:10.966890', false, true, true, false, '', null, false, false, 0, 0, false, false, 'pending', 'ta', 0, 0),
        ('ff3a0149-1b90-4bf1-9925-07d92e75f4af', 'Policy Domain', 'policy.example.com', '2023-01-07 17:56:10.966890', false, true, true, false, '', null, false, false, 0, 0, false, false, 'pending', 'ta', 0, 0),
        ('ed9395a8-a707-45d4-baef-8121e7db894c', 'Office Domain', 'office.example.com', '2023-01-08 17:56:10.966890', false, true, true, false, '', null, false, false, 0, 0, false, false, 'pending', 'ta', 0, 0),
        ('b248cd26-d79c-490d-ab56-6ccedb7a85c0', '',              'person.example.com', '2023-01-09 17:56:10.966890', false, true, true, false, '', null, false, false, 0, 0, false, false, 'pending', 'ta', 0, 0),
        ('12555fbd-6845-4562-bcc5-26a3d6142405', 'Health Domain', 'health.example.com', '2023-01-10 17:56:10.966890', false, true, true, false, '', null, false, false, 0, 0, false, false, 'pending', 'ta', 0, 0),
        ('172be5cc-d1fd-4fb3-9a3b-c3e9b1f73d32', 'Mother Domain', 'mother.example.com', '2023-01-11 17:56:10.966890', false, true, true, false, '', null, false, false, 0, 0, false, false, 'pending', 'ta', 0, 0),
        ('990f0eb6-38f3-4afd-9f9b-528828d6b308', 'Period Domain', 'period.example.com', '2023-01-12 17:56:10.966890', false, true, true, false, '', null, false, false, 0, 0, false, false, 'pending', 'ta', 0, 0),
        ('d9aa42bf-c7ad-46b1-9529-53df86567b2c', 'Father Domain', 'father.example.com', '2023-01-13 17:56:10.966890', false, true, true, false, '', null, false, false, 0, 0, false, false, 'pending', 'ta', 0, 0),
        ('985c145b-0659-47c1-b672-c43cfe5047b1', 'Centre Domain', 'centre.example.com', '2023-01-14 17:56:10.966890', false, true, true, false, '', null, false, false, 0, 0, false, false, 'pending', 'ta', 0, 0),
        ('1f3ede50-8223-44d8-89ad-3fd4c57cd64e', 'Effect Domain', 'effect.example.com', '2023-01-15 17:56:10.966890', false, true, true, false, '', null, false, false, 0, 0, false, false, 'pending', 'ta', 0, 0),
        ('7b3ee2e7-3fee-4563-9305-176c854809d3', 'Action Domain', 'action.example.com', '2023-01-16 17:56:10.966890', false, true, true, false, '', null, false, false, 0, 0, false, false, 'pending', 'ta', 0, 0),
        ('52cb5759-bbbf-4038-ab26-1db1e59b941b', 'Moment Domain', 'moment.example.com', '2023-01-17 17:56:10.966890', false, true, true, false, '', null, false, false, 0, 0, false, false, 'pending', 'ta', 0, 0),
        ('b594b045-884b-4c5d-a583-7389e7c8dc8e', '',              'report.example.com', '2023-01-18 17:56:10.966890', false, true, true, false, '', null, false, false, 0, 0, false, false, 'pending', 'ta', 0, 0),
        ('fd92d24f-0807-418a-87c4-e0f0d2b0b95d', '',              'church.example.com', '2023-01-19 17:56:10.966890', false, true, true, false, '', null, false, false, 0, 0, false, false, 'pending', 'ta', 0, 0),
        ('5da851c3-fe90-4239-83af-3f5f32cf6a1f', '',              'change.example.com', '2023-01-20 17:56:10.966890', false, true, true, false, '', null, false, false, 0, 0, false, false, 'pending', 'ta', 0, 0),
        ('d4419e50-7229-4756-a61e-f582f6e04b17', '',              'street.example.com', '2023-01-21 17:56:10.966890', false, true, true, false, '', null, false, false, 0, 0, false, false, 'pending', 'ta', 0, 0),
        ('56603812-4aa2-45b9-b4f4-a6295d3826d6', '',              'result.example.com', '2023-01-22 17:56:10.966890', false, true, true, false, '', null, false, false, 0, 0, false, false, 'pending', 'ta', 0, 0),
        ('557bfb71-e8c1-477f-83eb-12e26999ea5a', '',              'reason.example.com', '2023-01-23 17:56:10.966890', false, true, true, false, '', null, false, false, 0, 0, false, false, 'pending', 'ta', 0, 0),
        ('4b3d4a1b-934a-428b-83d5-1bd01ed8e68b', '',              'nature.example.com', '2023-01-24 17:56:10.966890', false, true, true, false, '', null, false, false, 0, 0, false, false, 'pending', 'ta', 0, 0),
        ('428974f7-d881-4896-ba6e-52a9af16c612', '',              'member.example.com', '2023-01-25 17:56:10.966890', false, true, true, false, '', null, false, false, 0, 0, false, false, 'pending', 'ta', 0, 0),
        ('a021b32b-6b09-4399-b8e6-d5ba20c8cd53', '',              'figure.example.com', '2023-01-26 17:56:10.966890', false, true, true, false, '', null, false, false, 0, 0, false, false, 'pending', 'ta', 0, 0),
        ('087b490c-6105-45fe-bbb7-c26af1779242', '',              'friend.example.com', '2023-01-27 17:56:10.966890', false, true, true, false, '', null, false, false, 0, 0, false, false, 'pending', 'ta', 0, 0),
        ('b4a08821-11f6-456b-b5bf-b2b75e4e6784', '',              'amount.example.com', '2023-01-28 17:56:10.966890', false, true, true, false, '', null, false, false, 0, 0, false, false, 'pending', 'ta', 0, 0),
        ('d32b638c-30b4-43eb-9ee1-d332e2c74dbb', '',              'series.example.com', '2023-01-29 17:56:10.966890', false, true, true, false, '', null, false, false, 0, 0, false, false, 'pending', 'ta', 0, 0),
        ('3659118b-a6d7-41ce-8218-e9976e2199d8', '',              'future.example.com', '2023-01-30 17:56:10.966890', false, true, true, false, '', null, false, false, 0, 0, false, false, 'pending', 'ta', 0, 0),
        ('1963fe6e-5a5d-48d0-aac6-0590de6a1949', '',              'labour.example.com', '2023-01-31 17:56:10.966890', false, true, true, false, '', null, false, false, 0, 0, false, false, 'pending', 'ta', 0, 0),
        ('b750ca66-844b-434f-8fb9-6fff8ec7afe2', '',              'letter.example.com', '2023-02-01 17:56:10.966890', false, true, true, false, '', null, false, false, 0, 0, false, false, 'pending', 'ta', 0, 0),
        ('932410b5-2a90-48c5-af70-e6976a956118', '',              'theory.example.com', '2023-02-02 17:56:10.966890', false, true, true, false, '', null, false, false, 0, 0, false, false, 'pending', 'ta', 0, 0),
        ('6dfad19b-3785-4821-956d-25a877d0eb30', '',              'growth.example.com', '2023-02-03 17:56:10.966890', false, true, true, false, '', null, false, false, 0, 0, false, false, 'pending', 'ta', 0, 0),
        ('35338874-21d0-4a2a-9cf5-33b67532f676', '',              'chance.example.com', '2023-02-04 17:56:10.966890', false, true, true, false, '', null, false, false, 0, 0, false, false, 'pending', 'ta', 0, 0),
        ('b2aaeb80-b612-48cc-b780-6622fed2142e', '',              'record.example.com', '2023-02-05 17:56:10.966890', false, true, true, false, '', null, false, false, 0, 0, false, false, 'pending', 'ta', 0, 0),
        ('1b5a5b07-d5c2-45fc-bc0b-156c12916bf7', '',              'energy.example.com', '2023-02-06 17:56:10.966890', false, true, true, false, '', null, false, false, 0, 0, false, false, 'pending', 'ta', 0, 0),
        ('9ec8644f-6517-452f-a5d2-18a5b5540210', '',              'income.example.com', '2023-02-07 17:56:10.966890', false, true, true, false, '', null, false, false, 0, 0, false, false, 'pending', 'ta', 0, 0),
        ('dacd724d-d0e8-4e0e-93d7-f032109efef3', '',              'scheme.example.com', '2023-02-08 17:56:10.966890', false, true, true, false, '', null, false, false, 0, 0, false, false, 'pending', 'ta', 0, 0),
        ('2f7561be-ab77-4701-98be-01afcb874909', '',              'design.example.com', '2023-02-09 17:56:10.966890', false, true, true, false, '', null, false, false, 0, 0, false, false, 'pending', 'ta', 0, 0),
        ('d9a07e2c-07b0-42cf-8113-6f00de1d9e49', '',              'choice.example.com', '2023-02-10 17:56:10.966890', false, true, true, false, '', null, false, false, 0, 0, false, false, 'pending', 'ta', 0, 0),
        ('2507e99e-7c3d-48b6-bb39-cf037383798d', '',              'couple.example.com', '2023-02-11 17:56:10.966890', false, true, true, false, '', null, false, false, 0, 0, false, false, 'pending', 'ta', 0, 0),
        ('8d5ed092-602a-47bb-a357-48c932f5742a', '',              'county.example.com', '2023-02-12 17:56:10.966890', false, true, true, false, '', null, false, false, 0, 0, false, false, 'pending', 'ta', 0, 0),
        ('3de7fc93-496e-49bb-9bac-4b9769702ae4', '',              'summer.example.com', '2023-02-13 17:56:10.966890', false, true, true, false, '', null, false, false, 0, 0, false, false, 'pending', 'ta', 0, 0),
        ('42c5e874-8b44-4828-98d4-b1c438ceb1d6', '',              'colour.example.com', '2023-02-14 17:56:10.966890', false, true, true, false, '', null, false, false, 0, 0, false, false, 'pending', 'ta', 0, 0),
        ('51e80b88-c7ae-4db1-8e13-f1995f58e2f4', '',              'season.example.com', '2023-02-15 17:56:10.966890', false, true, true, false, '', null, false, false, 0, 0, false, false, 'pending', 'ta', 0, 0),
        ('0c6bc25d-c792-481a-9110-90a178f49fb1', '',              'garden.example.com', '2023-02-16 17:56:10.966890', false, true, true, false, '', null, false, false, 0, 0, false, false, 'pending', 'ta', 0, 0),
        ('227b3e72-9cf6-457c-89cc-45a0ebd47378', '',              'charge.example.com', '2023-02-17 17:56:10.966890', false, true, true, false, '', null, false, false, 0, 0, false, false, 'pending', 'ta', 0, 0),
        ('d102e1d1-42b1-4ee0-87ab-2d6ef7a0ae63', '',              'advice.example.com', '2023-02-18 17:56:10.966890', false, true, true, false, '', null, false, false, 0, 0, false, false, 'pending', 'ta', 0, 0),
        ('26433311-0e35-48e2-9230-51bcaa688846', '',              'doctor.example.com', '2023-02-19 17:56:10.966890', false, true, true, false, '', null, false, false, 0, 0, false, false, 'pending', 'ta', 0, 0),
        ('c549c5b3-1ddc-469d-9502-03127f85d160', '',              'extent.example.com', '2023-02-20 17:56:10.966890', false, true, true, false, '', null, false, false, 0, 0, false, false, 'pending', 'ta', 0, 0),
        ('649a7711-7482-490f-a46b-2e98bd495707', '',              'window.example.com', '2023-02-21 17:56:10.966890', false, true, true, false, '', null, false, false, 0, 0, false, false, 'pending', 'ta', 0, 0),
        ('79756dc6-4057-481f-a9c2-ae2fa6d9f844', '',              'access.example.com', '2023-02-22 17:56:10.966890', false, true, true, false, '', null, false, false, 0, 0, false, false, 'pending', 'ta', 0, 0),
        ('b5c36ab4-d91d-4674-890d-90897fd4ea91', '',              'region.example.com', '2023-02-23 17:56:10.966890', false, true, true, false, '', null, false, false, 0, 0, false, false, 'pending', 'ta', 0, 0),
        ('089b2d1b-8128-4b9e-a68b-6b83e1e1971d', '',              'degree.example.com', '2023-02-24 17:56:10.966890', false, true, true, false, '', null, false, false, 0, 0, false, false, 'pending', 'ta', 0, 0),
        ('33021271-116d-4a5d-b41a-6e207928d3f5', 'Return Domain', 'return.example.com', '2023-02-25 17:56:10.966890', false, true, true, false, '', null, false, false, 0, 0, false, false, 'pending', 'ta', 0, 0),
        ('722df68a-36d1-4faa-a99e-f12382c1ce99', 'Public Domain', 'public.example.com', '2023-02-26 17:56:10.966890', false, true, true, false, '', null, false, false, 0, 0, false, false, 'pending', 'ta', 0, 0),
        ('f8304d03-6f56-4bd3-a4a1-59e723c32e4a', 'Answer Domain', 'answer.example.com', '2023-02-27 17:56:10.966890', false, true, true, false, '', null, false, false, 0, 0, false, false, 'pending', 'ta', 0, 0),
        ('d9419dfd-d7d3-4921-8b68-24b00b39d2a6', 'Leader Domain', 'leader.example.com', '2023-02-28 17:56:10.966890', false, true, true, false, '', null, false, false, 0, 0, false, false, 'pending', 'ta', 0, 0),
        ('a2b7525f-91b9-443e-b6b4-0a6420acf667', 'Appeal Domain', 'appeal.example.com', '2023-03-01 17:56:10.966890', false, true, true, false, '', null, false, false, 0, 0, false, false, 'pending', 'ta', 0, 0),
        ('a4e861cf-c0aa-4467-9cd5-3bbf91405971', 'Method Domain', 'method.example.com', '2023-03-02 17:56:10.966890', false, true, true, false, '', null, false, false, 0, 0, false, false, 'pending', 'ta', 0, 0),
        ('ef1f2f2e-cc25-4419-859e-4aec353e6174', 'Source Domain', 'source.example.com', '2023-03-03 17:56:10.966890', false, true, true, false, '', null, false, false, 0, 0, false, false, 'pending', 'ta', 0, 0),
        ('0227e633-393d-4f55-905b-fbe87955beef', 'Oxford Domain', 'oxford.example.com', '2023-03-04 17:56:10.966890', false, true, true, false, '', null, false, false, 0, 0, false, false, 'pending', 'ta', 0, 0),
        ('a2b5a13f-4df4-4abc-8d0b-a861e9206586', '',              'demand.example.com', '2023-03-05 17:56:10.966890', false, true, true, false, '', null, false, false, 0, 0, false, false, 'pending', 'ta', 0, 0),
        ('3da5ed4c-af97-4fec-ad14-ef9b03b41c54', '',              'sector.example.com', '2023-03-06 17:56:10.966890', false, true, true, false, '', null, false, false, 0, 0, false, false, 'pending', 'ta', 0, 0),
        ('b65231bb-79a8-4103-9df0-6458884b0522', '',              'status.example.com', '2023-03-07 17:56:10.966890', false, true, true, false, '', null, false, false, 0, 0, false, false, 'pending', 'ta', 0, 0),
        ('f4e6ef68-4285-4782-9969-896535d0cc8b', '',              'safety.example.com', '2023-03-08 17:56:10.966890', false, true, true, false, '', null, false, false, 0, 0, false, false, 'pending', 'ta', 0, 0),
        ('62762d75-d5af-4e9a-b71c-df5225000dbc', '',              'weight.example.com', '2023-03-09 17:56:10.966890', false, true, true, false, '', null, false, false, 0, 0, false, false, 'pending', 'ta', 0, 0),
        ('2c5503e1-c2ef-4c8d-9c86-6e4631667ba5', 'League Domain', 'league.example.com', '2023-03-10 17:56:10.966890', false, true, true, false, '', null, false, false, 0, 0, false, false, 'pending', 'ta', 0, 0),
        ('f0d0c1de-3b15-44d5-81b9-f59c20032f03', 'Budget Domain', 'budget.example.com', '2023-03-11 17:56:10.966890', false, true, true, false, '', null, false, false, 0, 0, false, false, 'pending', 'ta', 0, 0),
        ('b7ce595b-9a0b-49ee-83d1-6b74960e299b', 'Review Domain', 'review.example.com', '2023-03-12 17:56:10.966890', false, true, true, false, '', null, false, false, 0, 0, false, false, 'pending', 'ta', 0, 0),
        ('0ae1c3a3-4da3-4336-b65b-16dd4aff074e', 'Minute Domain', 'minute.example.com', '2023-03-13 17:56:10.966890', false, true, true, false, '', null, false, false, 0, 0, false, false, 'pending', 'ta', 0, 0),
        ('5e042fb2-93c6-4fd4-a3cb-744e0e835907', 'Survey Domain', 'survey.example.com', '2023-03-14 17:56:10.966890', false, true, true, false, '', null, false, false, 0, 0, false, false, 'pending', 'ta', 0, 0),
        ('ffc8a2a3-8a68-46bf-a1b2-29dd1acd25ab', 'Speech Domain', 'speech.example.com', '2023-03-15 17:56:10.966890', false, true, true, false, '', null, false, false, 0, 0, false, false, 'pending', 'ta', 0, 0),
        ('a1a80515-8e47-457f-85c0-8d6c049d24c8', 'Effort Domain', 'effort.example.com', '2023-03-16 17:56:10.966890', false, true, true, false, '', null, false, false, 0, 0, false, false, 'pending', 'ta', 0, 0),
        ('64cd0315-6d9b-41dc-bf21-fa98e01f319a', 'Career Domain', 'career.example.com', '2023-03-17 17:56:10.966890', false, true, true, false, '', null, false, false, 0, 0, false, false, 'pending', 'ta', 0, 0),
        ('db9910fc-a0a4-439d-b950-f0b69e883ecc', '',              'attack.example.com', '2023-03-18 17:56:10.966890', false, true, true, false, '', null, false, false, 0, 0, false, false, 'pending', 'ta', 0, 0),
        ('4c9c04cf-8958-46f8-a1ea-0dc0ccd9a89f', '',              'length.example.com', '2023-03-19 17:56:10.966890', false, true, true, false, '', null, false, false, 0, 0, false, false, 'pending', 'ta', 0, 0),
        ('38b39174-2bb2-4e71-9148-2646eb55ff37', '',              'memory.example.com', '2023-03-20 17:56:10.966890', false, true, true, false, '', null, false, false, 0, 0, false, false, 'pending', 'ta', 0, 0),
        ('12a41d7a-a8bd-4e7a-847e-b90a8d22650a', '',              'impact.example.com', '2023-03-21 17:56:10.966890', false, true, true, false, '', null, false, false, 0, 0, false, false, 'pending', 'ta', 0, 0),
        ('15606012-e305-455f-9f7d-9d56c202e728', '',              'forest.example.com', '2023-03-22 17:56:10.966890', false, true, true, false, '', null, false, false, 0, 0, false, false, 'pending', 'ta', 0, 0),
        ('ca59b914-c819-4502-a579-6b6b3d11cebc', '',              'sister.example.com', '2023-03-23 17:56:10.966890', false, true, true, false, '', null, false, false, 0, 0, false, false, 'pending', 'ta', 0, 0),
        ('6d739f9f-47a6-4059-a547-904da1fdd82d', '',              'winter.example.com', '2023-03-24 17:56:10.966890', false, true, true, false, '', null, false, false, 0, 0, false, false, 'pending', 'ta', 0, 0),
        ('864919d7-4812-4c70-8d79-4271b69abf71', '',              'corner.example.com', '2023-03-25 17:56:10.966890', false, true, true, false, '', null, false, false, 0, 0, false, false, 'pending', 'ta', 0, 0),
        ('5c81bcf6-9c70-426d-88b0-2dbc29c23848', '',              'damage.example.com', '2023-03-26 17:56:10.966890', false, true, true, false, '', null, false, false, 0, 0, false, false, 'pending', 'ta', 0, 0),
        ('9508e54e-f86f-4a57-a6c4-a2a0230c4f19', '',              'credit.example.com', '2023-03-27 17:56:10.966890', false, true, true, false, '', null, false, false, 0, 0, false, false, 'pending', 'ta', 0, 0),
        ('6d8528b8-82f8-4ad2-b5b6-efba86247890', '',              'debate.example.com', '2023-03-28 17:56:10.966890', false, true, true, false, '', null, false, false, 0, 0, false, false, 'pending', 'ta', 0, 0),
        ('3a2ff010-209f-4999-90ae-6bee2720afb7', '',              'supply.example.com', '2023-03-29 17:56:10.966890', false, true, true, false, '', null, false, false, 0, 0, false, false, 'pending', 'ta', 0, 0),
        ('82a9f5e7-5d40-4297-bee3-98671ece6ca8', '',              'museum.example.com', '2023-03-30 17:56:10.966890', false, true, true, false, '', null, false, false, 0, 0, false, false, 'pending', 'ta', 0, 0),
        ('0c542e15-8ceb-4543-bbe0-f199476b51db', '',              'animal.example.com', '2023-03-31 17:56:10.966890', false, true, true, false, '', null, false, false, 0, 0, false, false, 'pending', 'ta', 0, 0),
        ('0a5ccffc-2eb4-4008-8db3-1fb4b177a59f', '',              'island.example.com', '2023-04-01 17:56:10.966890', false, true, true, false, '', null, false, false, 0, 0, false, false, 'pending', 'ta', 0, 0),
        ('dce9e1a0-dfeb-497f-88bd-c0ce835aace4', '',              'relief.example.com', '2023-04-02 17:56:10.966890', false, true, true, false, '', null, false, false, 0, 0, false, false, 'pending', 'ta', 0, 0),
        ('c61500fb-0b7f-4bc2-8696-6149aa9c1097', '',              'target.example.com', '2023-04-03 17:56:10.966890', false, true, true, false, '', null, false, false, 0, 0, false, false, 'pending', 'ta', 0, 0),
        ('6fcb3173-3a00-4aa5-8113-e39767b469a7', '',              'spirit.example.com', '2023-04-04 17:56:10.966890', false, true, true, false, '', null, false, false, 0, 0, false, false, 'pending', 'ta', 0, 0),
        ('affa7920-67cc-4f0e-bed5-8c58b1abee5f', '',              'coffee.example.com', '2023-04-05 17:56:10.966890', false, true, true, false, '', null, false, false, 0, 0, false, false, 'pending', 'ta', 0, 0),
        ('6c1be150-ea21-4ffd-b6ca-c18981d7d6eb', '',              'factor.example.com', '2023-04-06 17:56:10.966890', false, true, true, false, '', null, false, false, 3, 5, false, false, 'pending', 'ta', 7, 19238102),
        ('c03b9b58-b2bb-4942-adca-168e7d812d8c', '',              'battle.example.com', '2023-04-07 17:56:10.966890', false, true, true, false, '', null, false, false, 0, 0, false, false, 'pending', 'ta', 0, 0),
        ('84a766a2-7154-4d7f-8307-20ec9df4fc68', '',              'prison.example.com', '2023-04-08 17:56:10.966890', false, true, true, false, '', null, false, false, 0, 0, false, false, 'pending', 'ta', 0, 0),
        ('828f1362-37ae-4c8f-83e7-84801f84b6a8', '',              'bridge.example.com', '2023-04-09 17:56:10.966890', false, true, true, false, '', null, false, false, 0, 0, false, false, 'pending', 'ta', 0, 0);

insert into cm_domains_idps (domain_id, fed_idp_id)
values  ('3bcdd9c0-5e9b-4724-9d87-8c520fb2b5c2', 'gitlab'),
        ('3bcdd9c0-5e9b-4724-9d87-8c520fb2b5c2', 'github'),
        ('3bcdd9c0-5e9b-4724-9d87-8c520fb2b5c2', 'google'),
        ('3bcdd9c0-5e9b-4724-9d87-8c520fb2b5c2', 'twitter');

insert into cm_domains_users (domain_id, user_id, is_owner, is_moderator, is_commenter, notify_replies, notify_moderator, ts_created)
values  ('3bcdd9c0-5e9b-4724-9d87-8c520fb2b5c2', '5787eece-7aa3-44d7-bbba-51866edc4867', true, true, true, false, true, '2023-01-17 17:55:47.008851'),
        ('6c1be150-ea21-4ffd-b6ca-c18981d7d6eb', '2af9ecd2-a32a-4332-8717-396e9af28639', true, true, true, false, true, '2022-02-22 17:55:47.008851'),
        ('3bcdd9c0-5e9b-4724-9d87-8c520fb2b5c2', '2af9ecd2-a32a-4332-8717-396e9af28639', false, true, true, false, true, '2023-01-17 17:55:47.008851'),
        ('0272e06c-1568-46c6-b973-e2f1dd5bf3cc', '2af9ecd2-a32a-4332-8717-396e9af28639', false, false, true, false, true, '2023-01-17 18:01:00.001231'),
        ('6fcb3173-3a00-4aa5-8113-e39767b469a7', '2af9ecd2-a32a-4332-8717-396e9af28639', false, false, false, false, true, '2023-01-18 18:01:00.001231'),
        ('3bcdd9c0-5e9b-4724-9d87-8c520fb2b5c2', '98732142-bc83-48e0-be92-f6dbd6976702', false, true, true, false, true, '2023-01-17 17:55:47.008851'),
        ('3bcdd9c0-5e9b-4724-9d87-8c520fb2b5c2', '2d01d8dd-0bb1-4281-850e-e943b9f8128a', false, true, true, false, true, '2023-01-17 17:55:47.008851'),
        ('3bcdd9c0-5e9b-4724-9d87-8c520fb2b5c2', '61e2ccdb-4c2f-4b48-9527-fb8443e01a6f', false, false, true, false, true, '2023-01-18 16:52:04.541982');

insert into cm_domain_pages (id, domain_id, path, title, is_readonly, ts_created, count_comments, count_views)
values  ('0ebb8a1b-12f6-421e-b1bb-75867ac480c7', '3bcdd9c0-5e9b-4724-9d87-8c520fb2b5c2', '/', '', false, '2023-06-23 17:21:53.002826', 17, 10),
        ('0ebb8a1b-12f6-421e-b1bb-75867ac480c8', '6c1be150-ea21-4ffd-b6ca-c18981d7d6eb', '/blog/post/0014', 'On the subject of drunken jokes', false, '2017-01-12 22:12:11.123000', 6, 15),
        ('0ebb8a1b-12f6-421e-b1bb-75867ac480c9', '6c1be150-ea21-4ffd-b6ca-c18981d7d6eb', '/blog/post/0067', 'Does patience ever pay off?', false, '2017-03-08 07:02:43.123000', 0, 76182),
        ('0ebb8a1b-12f6-421e-b1bb-75867ac480ca', '6c1be150-ea21-4ffd-b6ca-c18981d7d6eb', '/blog/post/0215', 'Very boring post about something with such a long title that it will hardly ever be entirely visible', false, '2020-07-11 15:02:43.123000', 0, 2);

insert into cm_comments (id, parent_id, page_id, markdown, html, score, is_sticky, is_approved, is_pending, is_deleted, ts_created, ts_approved, ts_deleted, user_created, user_approved, user_deleted)
values  ('40330ddf-13de-4921-b123-7a32057988cd', 'ef81dbe5-22f6-4d90-958f-834e6f2cdc63', '0ebb8a1b-12f6-421e-b1bb-75867ac480c7', 'What''s on the agenda, captain?', '<p>What&#39;s on the agenda, captain?</p>', 0, false, true, false, false, '2023-02-27 18:24:22.057000', '2023-06-23 17:21:53.002826', null, '2af9ecd2-a32a-4332-8717-396e9af28639', '2af9ecd2-a32a-4332-8717-396e9af28639', null),
        ('788c0b17-a922-4c2d-816b-98def34a0008', '40330ddf-13de-4921-b123-7a32057988cd', '0ebb8a1b-12f6-421e-b1bb-75867ac480c7', 'First off, we need to make sure the engine is in good working order. Any issues we need to address, *engineer*?', '<p>First off, we need to make sure the engine is in good working order. Any issues we need to address, <em>engineer</em>?</p>', 0, false, true, false, false, '2023-02-27 18:25:04.104000', '2023-06-23 17:21:53.002826', null, '5787eece-7aa3-44d7-bbba-51866edc4867', '5787eece-7aa3-44d7-bbba-51866edc4867', null),
        ('82acadba-3e77-4bcd-a366-78c7ff56c3b9', '788c0b17-a922-4c2d-816b-98def34a0008', '0ebb8a1b-12f6-421e-b1bb-75867ac480c7', 'Nothing major, captain. Just some routine maintenance to do, but we should be good to go soon.', '<p>Nothing major, captain. Just some routine maintenance to do, but we should be good to go soon.</p>', 0, false, true, false, false, '2023-02-27 18:26:05.636000', '2023-06-23 17:21:53.002826', null, '2af9ecd2-a32a-4332-8717-396e9af28639', '2af9ecd2-a32a-4332-8717-396e9af28639', null),
        ('e8331f48-516d-45fc-80a1-d1b2d5a21d08', '64fb0078-92c8-419d-98ec-7f22c270ef3a', '0ebb8a1b-12f6-421e-b1bb-75867ac480c7', 'Good work, navigator. That''s what I was thinking too.', '<p>Good work, navigator. That&#39;s what I was thinking too.</p>', 0, false, true, false, false, '2023-02-27 18:29:25.703000', '2023-06-23 17:21:53.002826', null, '5787eece-7aa3-44d7-bbba-51866edc4867', '5787eece-7aa3-44d7-bbba-51866edc4867', null),
        ('9a93d7bd-80cb-49bd-8dc1-67326df6fcaf', '40330ddf-13de-4921-b123-7a32057988cd', '0ebb8a1b-12f6-421e-b1bb-75867ac480c7', 'What about supplies, cook?', '<p>What about supplies, cook?</p>', 0, false, true, false, false, '2023-02-27 18:29:39.719000', '2023-06-23 17:21:53.002826', null, '5787eece-7aa3-44d7-bbba-51866edc4867', '5787eece-7aa3-44d7-bbba-51866edc4867', null),
        ('4922acc5-0330-4d1a-8092-ca7c67536b08', 'da05d978-9218-4263-886e-542068251787', '0ebb8a1b-12f6-421e-b1bb-75867ac480c7', 'Absolutely, cook. I''ll make a note of it.', '<p>Absolutely, cook. I&#39;ll make a note of it.</p>', 0, false, true, false, false, '2023-02-27 18:33:19.502000', '2023-06-23 17:21:53.002826', null, '5787eece-7aa3-44d7-bbba-51866edc4867', '5787eece-7aa3-44d7-bbba-51866edc4867', null),
        ('bc460a63-f256-47e3-8915-3931acad132a', null, '0ebb8a1b-12f6-421e-b1bb-75867ac480c7', 'Now, is there anything else anyone wants to bring up?', '<p>Now, is there anything else anyone wants to bring up?</p>', 0, false, true, false, false, '2023-02-27 18:33:24.642000', '2023-06-23 17:21:53.002826', null, '5787eece-7aa3-44d7-bbba-51866edc4867', '5787eece-7aa3-44d7-bbba-51866edc4867', null),
        ('5f066198-03ab-41f8-bd80-c4efaeafd153', 'bc460a63-f256-47e3-8915-3931acad132a', '0ebb8a1b-12f6-421e-b1bb-75867ac480c7', 'Captain, I''ve been noticing some strange vibrations in the engine room. It''s nothing too serious, but I''d like to take a look at it just to be safe.', '<p>Captain, I&#39;ve been noticing some strange vibrations in the engine room. It&#39;s nothing too serious, but I&#39;d like to take a look at it just to be safe.</p>', 0, false, true, false, false, '2023-02-27 18:34:15.541000', '2023-06-23 17:21:53.002826', null, '2af9ecd2-a32a-4332-8717-396e9af28639', '2af9ecd2-a32a-4332-8717-396e9af28639', null),
        ('72314bae-a05d-4551-91df-270802e6b003', 'cb057a9b-e293-4e15-bdb9-c11880cb53bf', '0ebb8a1b-12f6-421e-b1bb-75867ac480c7', 'Good point, navigator. I''ll make sure our crew is well-armed and that we have extra lookouts posted. Safety is our top priority, after all.', '<p>Good point, navigator. I&#39;ll make sure our crew is well-armed and that we have extra lookouts posted. Safety is our top priority, after all.</p>', 0, false, true, false, false, '2023-02-27 18:35:26.275000', '2023-06-23 17:21:53.002826', null, '5787eece-7aa3-44d7-bbba-51866edc4867', '5787eece-7aa3-44d7-bbba-51866edc4867', null),
        ('069f98da-bbc5-40ad-8c91-e8a089288ecb', '8f31a61b-e1e6-4090-a426-52ce91a5181b', '0ebb8a1b-12f6-421e-b1bb-75867ac480c7', 'Let''s hope it doesn''t come to that, cook. But it''s good to know we have you on our side. Alright, everyone, let''s get to work. We''ve got a long journey ahead of us!', '<p>Let&#39;s hope it doesn&#39;t come to that, cook. But it&#39;s good to know we have you on our side.</p><p>Alright, everyone, let&#39;s get to work. We&#39;ve got a long journey ahead of us!</p>', 0, false, true, false, false, '2023-02-27 18:37:24.355000', '2023-06-23 17:21:53.002826', null, '5787eece-7aa3-44d7-bbba-51866edc4867', '5787eece-7aa3-44d7-bbba-51866edc4867', null),
        ('ef81dbe5-22f6-4d90-958f-834e6f2cdc63', null, '0ebb8a1b-12f6-421e-b1bb-75867ac480c7', 'Alright crew, let''s gather around for a quick meeting. We''ve got a **long** voyage ahead of us, and I want to make sure everyone is on the same page.', '<p>Alright crew, let''s gather around for a quick meeting. We''ve got a <b>long</b> voyage ahead of us, and I want to make sure everyone is on the same page.</p>', 8, false, true, false, false, '2023-01-18 16:52:36.161440', '2023-06-23 17:21:53.002826', null, '5787eece-7aa3-44d7-bbba-51866edc4867', '5787eece-7aa3-44d7-bbba-51866edc4867', null),
        ('00e7320a-ecb4-44f4-84ca-ffc2f8c62729', '5f066198-03ab-41f8-bd80-c4efaeafd153', '0ebb8a1b-12f6-421e-b1bb-75867ac480c7', 'Alright, engineer. Let''s schedule a time for you to do a full inspection. I want to make sure everything is shipshape before we set sail.', '<p>Alright, engineer. Let&#39;s schedule a time for you to do a full inspection. I want to make sure everything is shipshape before we set sail.</p>', 2, false, true, false, false, '2023-02-27 18:34:35.679000', '2023-06-23 17:21:53.002826', null, '5787eece-7aa3-44d7-bbba-51866edc4867', '5787eece-7aa3-44d7-bbba-51866edc4867', null),
        ('da05d978-9218-4263-886e-542068251787', '9a93d7bd-80cb-49bd-8dc1-67326df6fcaf', '0ebb8a1b-12f6-421e-b1bb-75867ac480c7', 'We''ve got enough food 🍖 and water 🚰 to last us for the whole journey, captain. But I do have a request. Could we get some fresh vegetables 🥕🥔🍅 and fruit 🍎🍐🍌 at our next port stop? It''ll help us avoid scurvy.', '<p>We&#39;ve got enough food 🍖 and water 🚰 to last us for the whole journey, captain. But I do have a request. Could we get some fresh vegetables 🥕🥔🍅 and fruit 🍎🍐🍌 at our next port stop? It&#39;ll help us avoid scurvy.</p>', 4, false, true, false, false, '2023-02-27 18:32:46.248000', '2023-06-23 17:21:53.002826', null, '98732142-bc83-48e0-be92-f6dbd6976702', '98732142-bc83-48e0-be92-f6dbd6976702', null),
        ('cb057a9b-e293-4e15-bdb9-c11880cb53bf', 'bc460a63-f256-47e3-8915-3931acad132a', '0ebb8a1b-12f6-421e-b1bb-75867ac480c7', '**Captain**, one more thing. We''ll be passing through some pirate-infested waters soon. Should we be concerned?', '<p><strong>Captain</strong>, one more thing. We&#39;ll be passing through some pirate-infested waters soon. Should we be concerned?</p>', -2, false, true, false, false, '2023-02-27 18:35:04.089000', '2023-06-23 17:21:53.002826', null, '2d01d8dd-0bb1-4281-850e-e943b9f8128a', '2d01d8dd-0bb1-4281-850e-e943b9f8128a', null),
        ('8f31a61b-e1e6-4090-a426-52ce91a5181b', '72314bae-a05d-4551-91df-270802e6b003', '0ebb8a1b-12f6-421e-b1bb-75867ac480c7', 'I can whip up some extra spicy food to make sure any pirates who try to board us get a taste of their own medicine! 🤣', '<p>I can whip up some extra spicy food to make sure any pirates who try to board us get a taste of their own medicine! 🤣</p>', 6, false, true, false, false, '2023-02-27 18:36:37.704000', '2023-06-23 17:21:53.002826', null, '98732142-bc83-48e0-be92-f6dbd6976702', '98732142-bc83-48e0-be92-f6dbd6976702', null),
        ('64fb0078-92c8-419d-98ec-7f22c270ef3a', '788c0b17-a922-4c2d-816b-98def34a0008', '0ebb8a1b-12f6-421e-b1bb-75867ac480c7', 'Captain, I''ve plotted our course, and I suggest we take the eastern route. It''ll take us a bit longer, but we''ll avoid any bad weather.', '<p>Captain, I&#39;ve plotted our course, and I suggest we take the eastern route. It&#39;ll take us a bit longer, but we&#39;ll avoid any bad weather.</p>', 4, false, true, false, false, '2023-02-27 18:28:51.050000', '2023-06-23 17:21:53.002826', null, '61e2ccdb-4c2f-4b48-9527-fb8443e01a6f', '61e2ccdb-4c2f-4b48-9527-fb8443e01a6f', null);

insert into cm_comment_votes (comment_id, user_id, negative, ts_voted)
values  ('64fb0078-92c8-419d-98ec-7f22c270ef3a', '5787eece-7aa3-44d7-bbba-51866edc4867', false, '2023-02-27 18:40:09.569962'),
        ('8f31a61b-e1e6-4090-a426-52ce91a5181b', '5787eece-7aa3-44d7-bbba-51866edc4867', false, '2023-02-27 18:39:45.074171'),
        ('cb057a9b-e293-4e15-bdb9-c11880cb53bf', '5787eece-7aa3-44d7-bbba-51866edc4867', true, '2023-02-27 18:40:20.406853'),
        ('da05d978-9218-4263-886e-542068251787', '5787eece-7aa3-44d7-bbba-51866edc4867', false, '2023-02-27 18:40:04.176863'),
        ('ef81dbe5-22f6-4d90-958f-834e6f2cdc63', '2af9ecd2-a32a-4332-8717-396e9af28639', false, '2023-02-27 18:38:15.842977'),
        ('ef81dbe5-22f6-4d90-958f-834e6f2cdc63', '98732142-bc83-48e0-be92-f6dbd6976702', false, '2023-02-27 18:38:03.542483'),
        ('64fb0078-92c8-419d-98ec-7f22c270ef3a', '2d01d8dd-0bb1-4281-850e-e943b9f8128a', false, '2023-02-27 18:40:45.479813'),
        ('8f31a61b-e1e6-4090-a426-52ce91a5181b', '2d01d8dd-0bb1-4281-850e-e943b9f8128a', false, '2023-02-27 18:40:31.890010'),
        ('ef81dbe5-22f6-4d90-958f-834e6f2cdc63', '2d01d8dd-0bb1-4281-850e-e943b9f8128a', false, '2023-02-27 18:38:24.880867'),
        ('8f31a61b-e1e6-4090-a426-52ce91a5181b', '61e2ccdb-4c2f-4b48-9527-fb8443e01a6f', false, '2023-02-27 18:39:26.023446'),
        ('da05d978-9218-4263-886e-542068251787', '61e2ccdb-4c2f-4b48-9527-fb8443e01a6f', false, '2023-02-27 18:39:23.238001'),
        ('00e7320a-ecb4-44f4-84ca-ffc2f8c62729', '61e2ccdb-4c2f-4b48-9527-fb8443e01a6f', false, '2023-02-27 18:39:30.894800'),
        ('ef81dbe5-22f6-4d90-958f-834e6f2cdc63', '61e2ccdb-4c2f-4b48-9527-fb8443e01a6f', false, '2023-02-27 18:39:20.157638');
